Country,ImageURL
Afghanistan,https://hatscripts.github.io/circle-flags/flags/af.svg
Albania,https://hatscripts.github.io/circle-flags/flags/al.svg
Algeria,https://hatscripts.github.io/circle-flags/flags/dz.svg
Andorra,https://hatscripts.github.io/circle-flags/flags/ad.svg
Angola,https://hatscripts.github.io/circle-flags/flags/ao.svg
Antigua and Barbuda,https://hatscripts.github.io/circle-flags/flags/ag.svg
Argentina,https://hatscripts.github.io/circle-flags/flags/ar.svg
Armenia,https://hatscripts.github.io/circle-flags/flags/am.svg
Australia,https://hatscripts.github.io/circle-flags/flags/au.svg
Austria,https://hatscripts.github.io/circle-flags/flags/at.svg
Azerbaijan,https://hatscripts.github.io/circle-flags/flags/az.svg
Bahamas,https://hatscripts.github.io/circle-flags/flags/bs.svg
Bahrain,https://hatscripts.github.io/circle-flags/flags/bh.svg
Bangladesh,https://hatscripts.github.io/circle-flags/flags/bd.svg
Barbados,https://hatscripts.github.io/circle-flags/flags/bb.svg
Belarus,https://hatscripts.github.io/circle-flags/flags/by.svg
Belgium,https://hatscripts.github.io/circle-flags/flags/be.svg
Belize,https://hatscripts.github.io/circle-flags/flags/bz.svg
Benin,https://hatscripts.github.io/circle-flags/flags/bj.svg
Bhutan,https://hatscripts.github.io/circle-flags/flags/bt.svg
Bolivia,https://hatscripts.github.io/circle-flags/flags/bo.svg
Bosnia and Herzegovina,https://hatscripts.github.io/circle-flags/flags/ba.svg
Botswana,https://hatscripts.github.io/circle-flags/flags/bw.svg
Brazil,https://hatscripts.github.io/circle-flags/flags/br.svg
Brunei,https://hatscripts.github.io/circle-flags/flags/bn.svg
Bulgaria,https://hatscripts.github.io/circle-flags/flags/bg.svg
Burkina Faso,https://hatscripts.github.io/circle-flags/flags/bf.svg
Burundi,https://hatscripts.github.io/circle-flags/flags/bi.svg
Cambodia,https://hatscripts.github.io/circle-flags/flags/kh.svg
Cameroon,https://hatscripts.github.io/circle-flags/flags/cm.svg
Canada,https://hatscripts.github.io/circle-flags/flags/ca.svg
Cape Verde,https://hatscripts.github.io/circle-flags/flags/cv.svg
Central African Rep.,https://hatscripts.github.io/circle-flags/flags/cf.svg
Chad,https://hatscripts.github.io/circle-flags/flags/td.svg
Chile,https://hatscripts.github.io/circle-flags/flags/cl.svg
China,https://hatscripts.github.io/circle-flags/flags/cn.svg
Colombia,https://hatscripts.github.io/circle-flags/flags/co.svg
Comoros,https://hatscripts.github.io/circle-flags/flags/km.svg
Democratic Republic of Congo,https://hatscripts.github.io/circle-flags/flags/cd.svg
Republic of Congo,https://hatscripts.github.io/circle-flags/flags/cg.svg
Costa Rica,https://hatscripts.github.io/circle-flags/flags/cr.svg
Croatia,https://hatscripts.github.io/circle-flags/flags/hr.svg
Cuba,https://hatscripts.github.io/circle-flags/flags/cu.svg
Cyprus,https://hatscripts.github.io/circle-flags/flags/cy.svg
Czech Republic,https://hatscripts.github.io/circle-flags/flags/cz.svg
Denmark,https://hatscripts.github.io/circle-flags/flags/dk.svg
Djibouti,https://hatscripts.github.io/circle-flags/flags/dj.svg
Dominica,https://hatscripts.github.io/circle-flags/flags/dm.svg
Dominican Republic,https://hatscripts.github.io/circle-flags/flags/do.svg
East Timor,https://hatscripts.github.io/circle-flags/flags/tl.svg
Ecuador,https://hatscripts.github.io/circle-flags/flags/ec.svg
Egypt,https://hatscripts.github.io/circle-flags/flags/eg.svg
El Salvador,https://hatscripts.github.io/circle-flags/flags/sv.svg
Equatorial Guinea,https://hatscripts.github.io/circle-flags/flags/gq.svg
Eritrea,https://hatscripts.github.io/circle-flags/flags/er.svg
Estonia,https://hatscripts.github.io/circle-flags/flags/ee.svg
Ethiopia,https://hatscripts.github.io/circle-flags/flags/et.svg
Fiji,https://hatscripts.github.io/circle-flags/flags/fj.svg
Finland,https://hatscripts.github.io/circle-flags/flags/fi.svg
France,https://hatscripts.github.io/circle-flags/flags/fr.svg
Gabon,https://hatscripts.github.io/circle-flags/flags/ga.svg
The Gambia,https://hatscripts.github.io/circle-flags/flags/gm.svg
Georgia,https://hatscripts.github.io/circle-flags/flags/ge.svg
Germany,https://hatscripts.github.io/circle-flags/flags/de.svg
Ghana,https://hatscripts.github.io/circle-flags/flags/gh.svg
Greece,https://hatscripts.github.io/circle-flags/flags/gr.svg
Grenada,https://hatscripts.github.io/circle-flags/flags/gd.svg
Guatemala,https://hatscripts.github.io/circle-flags/flags/gt.svg
Guinea,https://hatscripts.github.io/circle-flags/flags/gn.svg
Guinea-Bissau,https://hatscripts.github.io/circle-flags/flags/gw.svg
Guyana,https://hatscripts.github.io/circle-flags/flags/gy.svg
Haiti,https://hatscripts.github.io/circle-flags/flags/ht.svg
Honduras,https://hatscripts.github.io/circle-flags/flags/hn.svg
Hungary,https://hatscripts.github.io/circle-flags/flags/hu.svg
Iceland,https://hatscripts.github.io/circle-flags/flags/is.svg
India,https://hatscripts.github.io/circle-flags/flags/in.svg
Indonesia,https://hatscripts.github.io/circle-flags/flags/id.svg
Iran,https://hatscripts.github.io/circle-flags/flags/ir.svg
Iraq,https://hatscripts.github.io/circle-flags/flags/iq.svg
Ireland,https://hatscripts.github.io/circle-flags/flags/ie.svg
Israel,https://hatscripts.github.io/circle-flags/flags/il.svg
Italy,https://hatscripts.github.io/circle-flags/flags/it.svg
Ivory Coast,https://hatscripts.github.io/circle-flags/flags/ci.svg
Jamaica,https://hatscripts.github.io/circle-flags/flags/jm.svg
Japan,https://hatscripts.github.io/circle-flags/flags/jp.svg
Jordan,https://hatscripts.github.io/circle-flags/flags/jo.svg
Kazakhstan,https://hatscripts.github.io/circle-flags/flags/kz.svg
Kenya,https://hatscripts.github.io/circle-flags/flags/ke.svg
Kiribati,https://hatscripts.github.io/circle-flags/flags/ki.svg
North Korea,https://hatscripts.github.io/circle-flags/flags/kp.svg
South Korea,https://hatscripts.github.io/circle-flags/flags/kr.svg
Kuwait,https://hatscripts.github.io/circle-flags/flags/kw.svg
Kyrgyzstan,https://hatscripts.github.io/circle-flags/flags/kg.svg
Laos,https://hatscripts.github.io/circle-flags/flags/la.svg
Latvia,https://hatscripts.github.io/circle-flags/flags/lv.svg
Lebanon,https://hatscripts.github.io/circle-flags/flags/lb.svg
Lesotho,https://hatscripts.github.io/circle-flags/flags/ls.svg
Liberia,https://hatscripts.github.io/circle-flags/flags/lr.svg
Libya,https://hatscripts.github.io/circle-flags/flags/ly.svg
Liechtenstein,https://hatscripts.github.io/circle-flags/flags/li.svg
Lithuania,https://hatscripts.github.io/circle-flags/flags/lt.svg
Luxembourg,https://hatscripts.github.io/circle-flags/flags/lu.svg
Macedonia,https://hatscripts.github.io/circle-flags/flags/mk.svg
Madagascar,https://hatscripts.github.io/circle-flags/flags/mg.svg
Malawi,https://hatscripts.github.io/circle-flags/flags/mw.svg
Malaysia,https://hatscripts.github.io/circle-flags/flags/my.svg
Maldives,https://hatscripts.github.io/circle-flags/flags/mv.svg
Mali,https://hatscripts.github.io/circle-flags/flags/ml.svg
Malta,https://hatscripts.github.io/circle-flags/flags/mt.svg
Marshall Islands,https://hatscripts.github.io/circle-flags/flags/mh.svg
Mauritania,https://hatscripts.github.io/circle-flags/flags/mr.svg
Mauritius,https://hatscripts.github.io/circle-flags/flags/mu.svg
Mexico,https://hatscripts.github.io/circle-flags/flags/mx.svg
Federated States of Micronesia,https://hatscripts.github.io/circle-flags/flags/fm.svg
Moldova,https://hatscripts.github.io/circle-flags/flags/md.svg
Monaco,https://hatscripts.github.io/circle-flags/flags/mc.svg
Mongolia,https://hatscripts.github.io/circle-flags/flags/mn.svg
Montenegro,https://hatscripts.github.io/circle-flags/flags/me.svg
Morocco,https://hatscripts.github.io/circle-flags/flags/ma.svg
Mozambique,https://hatscripts.github.io/circle-flags/flags/mz.svg
Myanmar,https://hatscripts.github.io/circle-flags/flags/mm.svg
Namibia,https://hatscripts.github.io/circle-flags/flags/na.svg
Nauru,https://hatscripts.github.io/circle-flags/flags/nr.svg
Nepal,https://hatscripts.github.io/circle-flags/flags/np.svg
Netherlands,https://hatscripts.github.io/circle-flags/flags/nl.svg
New Zealand,https://hatscripts.github.io/circle-flags/flags/nz.svg
Nicaragua,https://hatscripts.github.io/circle-flags/flags/ni.svg
Niger,https://hatscripts.github.io/circle-flags/flags/ne.svg
Nigeria,https://hatscripts.github.io/circle-flags/flags/ng.svg
Norway,https://hatscripts.github.io/circle-flags/flags/no.svg
Oman,https://hatscripts.github.io/circle-flags/flags/om.svg
Pakistan,https://hatscripts.github.io/circle-flags/flags/pk.svg
Palau,https://hatscripts.github.io/circle-flags/flags/pw.svg
Palestine,https://hatscripts.github.io/circle-flags/flags/ps.svg
Panama,https://hatscripts.github.io/circle-flags/flags/pa.svg
Papua New Guinea,https://hatscripts.github.io/circle-flags/flags/pg.svg
Paraguay,https://hatscripts.github.io/circle-flags/flags/py.svg
Peru,https://hatscripts.github.io/circle-flags/flags/pe.svg
Philippines,https://hatscripts.github.io/circle-flags/flags/ph.svg
Poland,https://hatscripts.github.io/circle-flags/flags/pl.svg
Portugal,https://hatscripts.github.io/circle-flags/flags/pt.svg
Qatar,https://hatscripts.github.io/circle-flags/flags/qa.svg
Romania,https://hatscripts.github.io/circle-flags/flags/ro.svg
Russia,https://hatscripts.github.io/circle-flags/flags/ru.svg
Rwanda,https://hatscripts.github.io/circle-flags/flags/rw.svg
Saint Kitts and Nevis,https://hatscripts.github.io/circle-flags/flags/kn.svg
Saint Lucia,https://hatscripts.github.io/circle-flags/flags/lc.svg
Saint Vincent and Grenadines,https://hatscripts.github.io/circle-flags/flags/vc.svg
Samoa,https://hatscripts.github.io/circle-flags/flags/ws.svg
San Marino,https://hatscripts.github.io/circle-flags/flags/sm.svg
Sao Tome and Principe,https://hatscripts.github.io/circle-flags/flags/st.svg
Saudi Arabia,https://hatscripts.github.io/circle-flags/flags/sa.svg
Senegal,https://hatscripts.github.io/circle-flags/flags/sn.svg
Serbia,https://hatscripts.github.io/circle-flags/flags/rs.svg
Seychelles,https://hatscripts.github.io/circle-flags/flags/sc.svg
Sierra Leone,https://hatscripts.github.io/circle-flags/flags/sl.svg
Singapore,https://hatscripts.github.io/circle-flags/flags/sg.svg
Slovakia,https://hatscripts.github.io/circle-flags/flags/sk.svg
Slovenia,https://hatscripts.github.io/circle-flags/flags/si.svg
Solomon Islands,https://hatscripts.github.io/circle-flags/flags/sb.svg
Somalia,https://hatscripts.github.io/circle-flags/flags/so.svg
South Africa,https://hatscripts.github.io/circle-flags/flags/za.svg
S. Sudan,https://hatscripts.github.io/circle-flags/flags/ss.svg
Spain,https://hatscripts.github.io/circle-flags/flags/es.svg
Sri Lanka,https://hatscripts.github.io/circle-flags/flags/lk.svg
Sudan,https://hatscripts.github.io/circle-flags/flags/sd.svg
Suriname,https://hatscripts.github.io/circle-flags/flags/sr.svg
Swaziland,https://hatscripts.github.io/circle-flags/flags/sz.svg
Sweden,https://hatscripts.github.io/circle-flags/flags/se.svg
Switzerland,https://hatscripts.github.io/circle-flags/flags/ch.svg
Syria,https://hatscripts.github.io/circle-flags/flags/sy.svg
Tajikistan,https://hatscripts.github.io/circle-flags/flags/tj.svg
Tanzania,https://hatscripts.github.io/circle-flags/flags/tz.svg
Thailand,https://hatscripts.github.io/circle-flags/flags/th.svg
Togo,https://hatscripts.github.io/circle-flags/flags/tg.svg
Tonga,https://hatscripts.github.io/circle-flags/flags/to.svg
Trinidad and Tobago,https://hatscripts.github.io/circle-flags/flags/tt.svg
Tunisia,https://hatscripts.github.io/circle-flags/flags/tn.svg
Turkey,https://hatscripts.github.io/circle-flags/flags/tr.svg
Turkmenistan,https://hatscripts.github.io/circle-flags/flags/tm.svg
Tuvalu,https://hatscripts.github.io/circle-flags/flags/tv.svg
Uganda,https://hatscripts.github.io/circle-flags/flags/ug.svg
Ukraine,https://hatscripts.github.io/circle-flags/flags/ua.svg
United Arab Emirates,https://hatscripts.github.io/circle-flags/flags/ae.svg
United Kingdom,https://hatscripts.github.io/circle-flags/flags/gb.svg
United States,https://hatscripts.github.io/circle-flags/flags/us.svg
Uruguay,https://hatscripts.github.io/circle-flags/flags/uy.svg
Uzbekistan,https://hatscripts.github.io/circle-flags/flags/uz.svg
Vanuatu,https://hatscripts.github.io/circle-flags/flags/vu.svg
Vatican City,https://hatscripts.github.io/circle-flags/flags/va.svg
Venezuela,https://hatscripts.github.io/circle-flags/flags/ve.svg
Vietnam,https://hatscripts.github.io/circle-flags/flags/vn.svg
Yemen,https://hatscripts.github.io/circle-flags/flags/ye.svg
Zambia,https://hatscripts.github.io/circle-flags/flags/zm.svg
Zimbabwe,https://hatscripts.github.io/circle-flags/flags/zw.svg
Abkhazia,https://hatscripts.github.io/circle-flags/flags/ge-ab.svg
Cook Islands,https://hatscripts.github.io/circle-flags/flags/ck.svg
Kosovo,https://hatscripts.github.io/circle-flags/flags/xk.svg
Niue,https://hatscripts.github.io/circle-flags/flags/nu.svg
